"City, State",2010,2011,2012,2013,2014,2015,2016,2017,2018,2019
"New York City , New York","8,175,133","8,272,948","8,346,693","8,396,091","8,433,806","8,463,049","8,469,153","8,437,478","8,390,081","8,336,817"
"Los Angeles , California","3,792,621","3,820,876","3,851,202","3,881,622","3,909,901","3,938,568","3,963,226","3,975,788","3,977,596","3,979,576"
"Chicago , Illinois","2,695,598","2,708,114","2,719,141","2,725,731","2,727,066","2,724,344","2,716,723","2,711,069","2,701,423","2,693,976"
"Houston , Texas","2,099,451","2,126,032","2,161,593","2,199,391","2,241,826","2,286,908","2,309,544","2,316,750","2,318,573","2,320,268"
"Phoenix , Arizona","1,445,632","1,469,796","1,499,274","1,526,491","1,555,445","1,583,690","1,612,199","1,633,560","1,654,675","1,680,992"
"Philadelphia , Pennsylvania","1,526,006","1,540,466","1,551,824","1,558,313","1,565,460","1,571,065","1,576,051","1,580,601","1,583,592","1,584,064"
"San Antonio , Texas","1,327,407","1,357,120","1,383,075","1,408,339","1,435,456","1,464,043","1,487,843","1,511,154","1,530,016","1,547,253"
"San Diego , California","1,307,402","1,319,592","1,336,776","1,355,320","1,375,831","1,387,323","1,402,089","1,412,621","1,421,917","1,423,851"
"Dallas , Texas","1,197,816","1,218,282","1,242,115","1,258,835","1,279,098","1,301,329","1,323,916","1,342,479","1,341,802","1,343,573"
"San Jose , California","945,942","970,369","983,530","1,001,279","1,014,273","1,025,980","1,030,242","1,032,335","1,028,020","1,021,795"
"Austin , Texas","790,390","828,459","854,482","875,003","901,170","921,114","939,447","951,553","962,469","978,908"
"Jacksonville , Florida","821,784","829,609","837,013","842,735","852,494","865,836","880,520","892,025","902,437","911,507"
"Fort Worth , Texas","741,206","764,142","781,046","796,073","815,057","835,356","856,177","874,809","893,216","909,585"
"Columbus , Ohio","787,033","800,607","812,740","827,797","841,673","854,950","866,894","881,694","890,869","898,553"
"Charlotte , North Carolina","731,424","754,829","773,264","792,047","807,400","825,668","843,117","860,002","872,514","885,708"
"San Francisco , California","805,235","815,650","828,876","839,572","850,750","863,010","871,512","878,040","880,696","881,549"
"Indianapolis  (balance), Indiana","820,445","827,664","835,499","844,696","850,164","853,714","859,049","863,478","870,960","876,384"
"Seattle , Washington","608,660","622,694","635,928","653,588","670,109","687,386","709,631","728,661","742,235","753,675"
"Denver , Colorado","600,158","620,530","635,163","649,391","664,582","683,285","696,159","704,961","716,265","727,211"
"Washington , District of Columbia","601,723","619,800","634,924","650,581","662,328","675,400","685,815","694,906","701,547","705,749"
"Boston , Massachusetts","617,594","630,505","642,955","653,002","662,855","670,491","679,848","687,788","691,147","692,600"
"El Paso , Texas","649,121","664,404","674,941","674,808","677,235","676,242","679,955","681,343","679,875","681,728"
"Nashville-Davidson metropolitan government (balance), Tennessee","601,222","612,518","625,550","635,999","645,259","655,498","661,765","663,587","667,006","670,820"
"Detroit , Michigan","713,777","705,118","700,183","691,868","682,609","679,410","677,143","674,631","672,977","670,031"
"Oklahoma City  , Oklahoma","579,999","590,947","600,971","612,061","621,639","632,172","639,924","642,822","647,912","655,057"
"Portland , Oregon","583,776","595,451","604,264","609,890","620,510","631,366","642,720","647,924","650,837","654,741"
"Las Vegas , Nevada","583,756","586,606","593,275","599,551","607,976","617,487","626,538","635,262","643,228","651,319"
"Memphis , Tennessee","646,889","655,341","658,786","657,146","654,990","654,106","652,548","650,878","651,104","651,073"
"Louisville/Jefferson County metro government (balance), Kentucky","597,337","599,920","604,246","610,471","612,634","615,372","617,583","619,728","618,495","617,638"
"Baltimore , Maryland","620,961","620,410","622,895","622,391","623,587","622,522","616,226","610,481","602,443","593,490"
"Milwaukee , Wisconsin","594,833","597,086","598,569","599,916","600,664","600,477","596,996","593,725","591,375","590,157"
"Albuquerque , New Mexico","545,852","552,066","555,002","557,445","557,444","557,937","559,192","559,673","559,629","560,513"
"Tucson , Arizona","520,116","530,709","531,880","532,945","534,800","535,607","537,528","541,377","544,858","548,073"
"Fresno , California","494,665","501,429","505,414","508,880","514,100","518,203","521,426","525,373","528,814","531,576"
"Mesa , Arizona","439,041","447,681","456,968","464,803","473,132","481,811","490,695","500,021","507,945","518,012"
"Sacramento , California","466,488","470,902","474,226","478,214","482,762","488,133","494,127","500,777","507,737","513,624"
"Atlanta , Georgia","420,003","437,812","449,016","453,990","461,154","468,303","479,174","491,670","498,183","506,811"
"Kansas City  , Missouri","459,787","462,368","464,595","467,213","470,629","475,073","481,670","488,329","492,012","495,327"
"Colorado Springs , Colorado","416,427","427,434","432,782","438,146","442,361","449,572","458,714","465,167","472,567","478,221"
"Omaha , Nebraska","408,958","462,101","465,261","468,086","470,423","472,638","475,044","476,271","477,299","478,192"
"Raleigh , North Carolina","403,892","413,958","423,304","431,391","439,503","449,546","459,469","465,776","469,314","474,069"
"Miami , Florida","399,457","406,593","411,149","415,661","425,110","434,738","449,149","456,617","462,819","467,963"
"Long Beach , California","462,257","464,512","466,873","468,000","469,109","470,128","468,719","466,646","465,865","462,628"
"Virginia Beach , Virginia","437,994","442,583","445,044","447,706","448,864","450,304","450,983","449,896","449,849","449,974"
"Oakland , California","390,724","396,086","401,104","406,648","412,901","418,211","420,947","424,382","429,056","433,031"
"Minneapolis , Minnesota","382,578","388,052","392,768","400,070","407,067","411,030","415,079","420,925","424,903","429,606"
"Tulsa , Oklahoma","391,906","393,005","394,643","398,401","399,892","403,491","404,007","402,060","400,414","401,190"
"Tampa , Florida","335,709","342,589","348,090","355,172","362,664","371,464","380,344","391,026","397,232","399,700"
"Arlington , Texas","365,438","370,253","375,629","378,950","382,721","388,728","394,384","397,173","398,123","398,854"
"New Orleans , Louisiana","343,829","360,735","369,787","378,637","383,940","389,742","391,843","391,493","391,004","390,144"
"Wichita , Kansas","382,368","383,773","385,751","387,210","388,416","389,412","390,519","390,277","389,231","389,938"
"Bakersfield , California","347,483","353,221","357,312","362,834","366,954","371,348","374,699","377,940","381,714","384,145"
"Cleveland , Ohio","396,815","392,667","391,550","391,792","390,871","389,244","387,662","385,252","383,214","381,009"
"Aurora , Colorado","325,078","332,730","339,261","345,613","352,660","360,098","363,277","367,574","374,572","379,289"
"Anaheim , California","336,265","339,831","342,071","343,832","344,604","348,251","350,013","350,476","350,698","350,365"
"Honolulu, Hawaii","337,256","343,059","346,845","349,237","349,561","351,571","351,747","349,750","346,945","345,064"
"Santa Ana , California","324,528","328,227","330,550","333,716","333,431","333,417","333,765","332,627","331,912","332,318"
"Riverside , California","303,871","309,472","312,323","315,510","317,702","320,483","323,684","326,882","329,654","331,360"
"Corpus Christi , Texas","305,215","308,103","312,390","317,043","320,765","324,672","325,786","325,568","326,307","326,586"
"Lexington-Fayette urban county, Kentucky","295,803","301,696","305,947","309,865","311,784","315,819","319,644","321,964","322,426","323,152"
"Henderson , Nevada","257,729","258,752","263,278","268,274","274,255","282,167","289,480","299,314","309,518","320,189"
"Stockton , California","291,707","295,363","297,045","297,493","301,062","304,550","307,158","310,143","311,628","312,697"
"St. Paul , Minnesota","285,068","288,872","291,280","295,054","297,655","299,915","302,948","304,913","306,960","308,096"
"Cincinnati , Ohio","296,943","296,187","296,900","297,905","298,626","299,439","299,748","301,587","302,277","303,940"
"St. Louis , Missouri","319,294","319,344","319,416","318,476","317,399","316,010","312,633","308,233","303,419","300,576"
"Pittsburgh , Pennsylvania","305,704","306,012","306,355","306,902","305,964","304,070","304,643","301,494","300,570","300,286"
"Greensboro , North Carolina","269,666","272,430","276,041","279,244","282,261","284,610","289,182","291,537","294,518","296,710"
"Lincoln , Nebraska","258,379","262,690","265,861","269,129","274,128","277,345","281,339","284,527","286,930","289,102"
"Anchorage municipality, Alaska","291,826","296,197","298,255","301,142","299,893","297,547","297,249","294,338","290,521","288,000"
"Plano , Texas","259,841","267,035","272,329","274,708","278,226","283,887","287,269","287,715","288,747","287,677"
"Orlando , Florida","238,300","243,620","249,935","255,135","262,469","270,786","278,512","281,804","285,903","287,442"
"Irvine , California","212,375","220,303","229,063","236,057","247,136","255,382","265,345","276,000","281,732","287,401"
"Newark , New Jersey","277,140","277,574","277,594","278,121","278,936","279,636","280,681","281,237","281,752","282,011"
"Durham , North Carolina","228,330","235,341","241,117","246,992","253,290","258,647","265,499","269,844","274,557","278,993"
"Chula Vista , California","243,916","248,318","252,379","256,691","259,885","264,206","266,238","269,046","270,819","274,492"
"Toledo , Ohio","287,208","285,425","283,185","282,352","280,712","279,898","278,897","276,688","274,864","272,779"
"Fort Wayne , Indiana","253,691","256,293","257,626","259,333","260,570","262,109","263,513","265,128","267,460","270,402"
"St. Petersburg , Florida","244,769","245,871","246,656","248,453","252,225","255,041","259,266","262,588","264,466","265,351"
"Laredo , Texas","236,091","241,195","245,728","249,602","252,734","255,271","257,862","259,324","260,856","262,491"
"Jersey City  , New Jersey","247,597","252,877","256,072","257,119","258,632","260,171","260,427","263,292","263,851","262,075"
"Chandler , Arizona","236,123","236,834","237,660","239,888","240,888","243,679","247,845","253,599","257,186","261,165"
"Madison , Wisconsin","233,209","236,908","239,880","243,233","245,848","248,788","252,677","255,786","257,854","259,680"
"Lubbock , Texas","229,573","233,928","236,361","239,708","244,350","247,950","251,387","254,432","256,469","258,862"
"Scottsdale , Arizona","217,385","220,816","225,191","228,887","233,949","241,073","247,953","251,396","254,479","258,069"
"Reno , Nevada","225,221","227,061","228,926","230,987","234,096","238,082","242,143","246,615","250,146","255,601"
"Buffalo , New York","261,310","260,701","260,155","260,013","259,548","258,165","256,816","256,301","255,781","255,284"
"Gilbert town, Arizona","208,453","211,466","215,916","221,626","227,308","232,401","237,139","242,695","249,914","254,114"
"Glendale , Arizona","226,721","229,304","233,588","236,869","239,964","243,103","245,903","247,784","249,955","252,381"
"North Las Vegas , Nevada","216,961","218,291","221,856","225,346","228,680","232,537","236,513","240,504","245,349","251,974"
"Winston-Salem , North Carolina","229,617","231,867","233,867","235,728","238,478","239,755","241,776","244,501","246,535","247,945"
"Chesapeake , Virginia","222,209","225,361","228,091","230,327","233,360","235,111","237,464","240,143","242,359","244,835"
"Norfolk , Virginia","242,803","243,655","246,149","245,468","246,576","246,457","245,680","244,543","243,585","242,742"
"Fremont , California","214,089","217,391","221,426","224,796","228,274","231,687","233,478","234,544","237,811","241,110"
"Garland , Texas","226,876","230,055","233,698","234,660","235,590","237,161","236,310","238,327","241,709","239,928"
"Irving , Texas","216,290","219,859","225,748","228,943","232,584","237,201","239,898","240,608","241,424","239,798"
"Hialeah , Florida","224,669","228,127","230,445","232,316","232,850","233,872","234,283","236,314","234,941","233,339"
"Richmond , Virginia","204,214","206,391","210,794","213,860","217,044","220,856","225,369","227,230","229,221","230,436"
"Boise  , Idaho","205,671","212,635","215,627","217,330","219,440","220,850","224,604","227,648","228,442","228,959"
"Spokane , Washington","208,916","209,042","209,304","210,036","211,095","212,545","215,191","217,415","219,332","222,081"
"Baton Rouge , Louisiana","229,493","228,643","228,889","228,346","227,851","227,202","226,686","224,414","222,190","220,236"
"Tacoma , Washington","198,397","199,519","201,537","202,127","203,740","206,784","210,248","213,417","216,111","217,827"
"San Bernardino , California","209,924","212,159","213,161","213,789","214,222","215,325","216,036","216,902","216,323","215,784"
"Modesto , California","201,165","204,017","205,040","206,075","207,652","209,245","211,231","213,000","214,389","215,196"
"Fontana , California","196,069","199,880","201,212","202,670","203,972","206,163","208,718","211,122","213,202","214,547"
"Des Moines , Iowa","203,433","207,924","210,244","212,026","214,350","215,243","216,308","216,662","215,994","214,237"
"Moreno Valley , California","193,365","196,590","198,214","200,195","201,831","202,919","204,711","206,741","208,889","213,055"
"Santa Clarita , California","176,320","209,843","210,672","211,376","212,283","213,184","213,526","213,734","213,549","212,979"
"Fayetteville , North Carolina","200,564","208,745","208,884","211,069","210,076","209,596","211,065","209,091","210,748","211,657"
"Birmingham , Alabama","212,237","212,095","211,287","211,765","211,651","212,259","211,977","211,533","210,487","209,403"
"Oxnard , California","197,899","199,968","201,105","202,835","204,560","206,228","207,455","208,831","209,271","208,881"
"Rochester , New York","210,565","210,491","210,329","210,179","209,329","208,561","207,659","206,410","206,004","205,695"
"Port St. Lucie , Florida","164,603","166,283","167,888","169,405","172,669","177,695","183,521","189,119","194,808","201,846"
"Grand Rapids , Michigan","188,040","189,104","190,821","192,982","194,335","195,056","196,556","199,135","200,136","201,013"
"Huntsville , Alabama","180,105","182,327","183,748","186,001","187,834","190,333","192,412","195,420","198,125","200,574"
"Salt Lake  , Utah","186,440","188,265","190,183","192,121","191,837","192,163","194,680","200,932","200,435","200,567"
"Frisco , Texas","116,989","123,515","128,445","136,794","144,965","154,390","164,176","177,730","188,452","200,490"
"Yonkers , New York","195,976","197,584","198,057","198,769","199,367","199,667","200,077","199,873","199,883","200,370"
"Amarillo , Texas","190,695","193,763","195,404","196,248","197,200","197,816","198,694","199,722","199,183","199,371"
"Glendale , California","191,719","192,656","193,859","195,318","198,232","199,197","200,118","201,804","200,688","199,303"
"Huntington Beach , California","189,992","192,995","194,174","197,107","199,610","200,653","200,284","200,938","200,126","199,223"
"McKinney , Texas","131,117","137,928","143,510","149,207","157,143","163,612","173,577","182,104","191,748","199,177"
"Montgomery , Alabama","205,764","205,198","203,946","202,439","201,435","201,018","200,441","200,047","198,899","198,525"
"Augusta-Richmond County consolidated government (balance), Georgia","195,844","195,847","196,989","196,602","196,579","196,763","197,276","197,018","197,025","197,888"
"Aurora , Illinois","197,899","199,150","199,648","199,803","200,189","200,315","200,799","200,391","199,199","197,757"
"Akron , Ohio","199,110","199,112","198,969","198,972","199,008","198,588","198,068","198,085","197,884","197,597"
"Little Rock , Arkansas","193,524","195,292","196,564","197,143","197,595","198,178","198,631","198,314","197,484","197,312"
"Tempe , Arizona","161,719","164,477","168,549","170,740","175,636","179,114","184,877","185,792","191,746","195,805"
"Columbus , Georgia","189,885","195,271","198,965","203,225","200,563","198,702","196,219","193,836","194,169","195,769"
"Overland Park , Kansas","173,372","176,034","178,683","180,932","183,980","186,222","189,302","191,327","192,724","195,494"
"Grand Prairie , Texas","175,396","178,903","182,030","183,891","185,824","188,411","192,095","193,973","193,989","194,543"
"Tallahassee , Florida","181,376","182,997","186,298","185,602","187,094","188,645","188,870","191,655","192,763","194,500"
"Cape Coral , Florida","154,305","157,330","160,558","164,336","168,365","173,572","178,534","183,701","189,468","194,495"
"Mobile , Alabama","195,111","193,801","193,761","193,288","192,582","191,975","191,472","190,190","189,809","188,720"
"Knoxville , Tennessee","178,874","179,955","181,093","181,779","182,631","184,046","184,986","186,905","187,362","187,603"
"Shreveport , Louisiana","199,311","202,327","202,347","200,469","198,259","197,001","194,672","192,023","189,360","187,112"
"Worcester , Massachusetts","181,045","182,387","182,575","183,327","184,559","184,627","184,859","185,325","185,555","185,428"
"Ontario , California","163,924","165,756","166,630","167,096","168,097","170,210","172,561","175,334","180,718","185,010"
"Vancouver , Washington","161,791","169,046","170,035","171,565","173,406","176,409","178,621","180,360","182,887","184,463"
"Sioux Falls , South Dakota","153,888","156,471","159,847","163,478","167,050","170,183","173,503","177,636","180,398","183,793"
"Chattanooga , Tennessee","167,674","172,341","173,972","175,325","175,321","176,400","177,746","179,530","181,918","182,799"
"Brownsville , Texas","175,023","178,154","179,652","180,648","181,656","181,528","182,311","182,384","182,333","182,781"
"Fort Lauderdale , Florida","165,521","169,012","170,909","172,275","175,153","177,356","178,837","179,877","182,101","182,437"
"Providence , Rhode Island","178,042","178,332","178,813","178,692","179,119","179,252","179,548","179,252","179,520","179,883"
"Newport News , Virginia","180,719","180,078","180,056","181,275","181,522","180,958","180,209","179,447","178,523","179,225"
"Rancho Cucamonga , California","165,269","167,928","169,959","170,815","173,220","174,203","175,782","176,921","177,345","177,603"
"Santa Rosa , California","167,815","176,243","177,093","178,684","180,585","181,485","181,909","181,596","176,750","176,753"
"Peoria , Arizona","154,065","155,014","155,326","156,354","157,770","160,431","164,212","168,192","172,263","175,961"
"Oceanside , California","167,086","170,008","171,590","173,175","174,318","175,189","175,451","175,884","175,758","175,742"
"Elk Grove , California","153,015","155,615","158,083","160,251","162,701","165,997","169,156","171,425","172,603","174,775"
"Salem , Oregon","154,637","156,171","157,369","158,814","160,675","163,175","166,478","169,627","172,646","174,365"
"Pembroke Pines , Florida","154,750","158,278","160,245","162,133","164,065","165,800","168,321","170,707","171,975","173,591"
"Eugene , Oregon","156,185","157,424","158,238","158,441","160,260","162,910","165,927","169,391","170,701","172,622"
"Garden Grove , California","170,883","172,957","173,809","174,422","174,423","174,343","174,571","173,422","172,195","171,644"
"Cary town, North Carolina","135,234","142,209","146,154","151,328","155,439","159,712","162,477","165,927","168,042","170,282"
"Fort Collins , Colorado","143,986","146,673","149,508","152,668","156,804","160,991","163,004","165,541","168,324","170,243"
"Corona , California","152,374","154,693","157,405","158,763","160,419","163,154","166,067","167,310","168,476","169,868"
"Springfield , Missouri","159,498","160,246","161,915","163,708","164,749","166,133","166,541","167,116","167,539","167,882"
"Jackson , Mississippi","173,514","175,149","174,822","172,927","172,014","170,901","169,022","166,823","163,772","160,628"
"Alexandria , Virginia","139,966","144,219","147,291","149,637","151,375","153,654","156,698","159,215","159,069","159,428"
"Hayward , California","144,186","146,935","149,406","151,753","154,376","157,999","159,331","160,324","159,760","159,203"
"Clarksville , Tennessee","132,929","136,104","142,652","142,281","145,899","148,147","149,162","152,917","156,376","158,146"
"Lakewood , Colorado","142,980","144,087","145,396","146,878","149,434","152,052","154,039","154,966","156,682","157,935"
"Lancaster , California","156,633","158,078","158,253","159,055","159,634","159,813","159,633","159,434","158,622","157,601"
"Salinas , California","150,441","152,412","153,815","154,958","155,717","156,244","156,830","156,463","155,647","155,465"
"Palmdale , California","152,750","153,996","154,861","156,495","156,770","156,988","156,739","156,558","156,158","155,079"
"Hollywood , Florida","140,768","143,421","144,998","146,038","146,978","148,313","151,630","153,371","154,381","154,817"
"Springfield , Massachusetts","153,060","153,773","153,933","154,056","154,376","154,582","154,028","154,207","154,329","153,606"
"Macon-Bibb County, Georgia",(X),"156,211","156,606","155,031","154,329","153,945","153,152","152,840","152,903","153,159"
"Kansas  , Kansas","145,786","146,227","147,454","148,899","150,122","151,502","152,485","152,739","152,965","152,960"
"Sunnyvale , California","140,081","143,805","146,436","148,055","149,769","151,630","153,544","153,217","152,807","152,703"
"Pomona , California","149,058","149,693","150,453","151,072","152,225","152,407","152,445","152,468","151,925","151,691"
"Killeen , Texas","127,921","130,838","134,240","136,294","137,589","140,147","142,854","145,149","148,683","151,666"
"Escondido , California","143,911","146,099","147,570","148,794","149,708","150,683","151,204","151,220","151,793","151,625"
"Pasadena , Texas","149,043","151,156","152,662","153,532","154,447","154,530","154,525","153,858","152,733","151,227"
"Naperville , Illinois","141,853","143,205","144,017","144,892","146,193","146,975","147,192","147,619","148,090","148,449"
"Bellevue , Washington","122,363","130,196","132,074","133,688","136,275","139,757","141,758","145,273","147,064","148,164"
"Joliet , Illinois","147,433","147,771","148,084","147,749","147,592","147,432","147,802","147,821","147,730","147,344"
"Murfreesboro , Tennessee","108,755","111,901","114,141","117,042","120,808","125,958","131,409","136,217","141,442","146,900"
"Midland , Texas","111,147","113,941","119,794","124,163","128,352","133,440","134,935","136,205","142,173","146,038"
"Rockford , Illinois","152,871","152,129","151,258","150,608","149,378","148,465","147,796","147,008","146,307","145,609"
"Paterson , New Jersey","146,199","145,593","146,111","146,049","145,911","145,928","145,773","146,015","145,594","145,233"
"Savannah , Georgia","136,286","140,414","142,327","142,600","143,883","145,160","145,818","145,804","145,817","144,464"
"Bridgeport , Connecticut","144,229","146,146","147,096","147,716","147,870","147,409","146,287","145,346","144,772","144,399"
"Torrance , California","145,438","145,769","146,257","146,671","146,845","146,950","146,416","145,781","144,706","143,592"
"McAllen , Texas","129,877","134,639","136,277","137,421","138,719","139,909","141,888","142,249","142,530","143,268"
"Syracuse , New York","145,170","144,526","144,414","145,044","144,331","143,816","143,176","142,287","142,745","142,327"
"Surprise , Arizona","117,517","119,617","122,266","125,035","127,880","130,336","132,846","134,781","137,717","141,664"
"Denton , Texas","113,383","120,101","123,573","125,030","128,217","131,154","134,261","135,629","138,315","141,541"
"Roseville , California","118,788","122,725","124,432","126,769","128,397","130,018","132,708","135,077","138,953","141,500"
"Thornton , Colorado","118,772","121,911","124,361","127,022","129,479","132,176","134,574","136,777","139,352","141,464"
"Miramar , Florida","122,041","125,059","128,697","130,120","134,494","136,476","138,964","140,215","140,564","141,191"
"Pasadena , California","137,122","137,652","138,097","139,292","139,529","141,025","141,601","141,757","140,906","141,029"
"Mesquite , Texas","139,824","141,520","143,365","143,604","144,508","144,988","144,681","144,218","142,520","140,937"
"Olathe , Kansas","125,872","128,325","129,963","131,798","132,839","134,298","135,928","137,526","139,758","140,545"
"Dayton , Ohio","141,527","142,000","141,916","142,035","141,117","140,819","140,849","140,372","140,439","140,407"
"Carrollton , Texas","119,097","122,527","125,484","126,545","128,349","133,060","133,704","136,054","137,013","139,248"
"Waco , Texas","124,805","126,443","127,494","129,011","129,860","131,801","133,421","136,939","137,886","139,236"
"Orange , California","136,416","138,539","139,372","139,972","139,424","140,503","140,581","140,251","139,449","138,669"
"Fullerton , California","135,161","136,386","138,103","138,637","138,840","139,982","140,454","139,744","139,273","138,632"
"Charleston , South Carolina","120,083","123,012","125,223","127,246","129,434","132,413","134,453","135,626","136,111","137,566"
"West Valley  , Utah","129,480","131,031","132,463","133,744","134,431","135,903","136,741","136,334","135,982","135,248"
"Visalia , California","124,442","125,649","126,420","127,309","128,482","129,369","130,662","132,388","133,428","134,605"
"Hampton , Virginia","137,436","136,628","137,177","137,332","137,680","136,264","135,374","134,725","134,330","134,510"
"Gainesville , Florida","124,354","125,671","125,993","126,340","127,571","129,356","131,580","132,041","133,665","133,997"
"Warren , Michigan","134,056","134,173","134,590","135,312","135,666","135,386","135,245","135,100","134,376","133,943"
"Coral Springs , Florida","121,096","125,141","126,682","127,788","128,847","130,160","131,753","133,542","133,712","133,759"
"Cedar Rapids , Iowa","126,326","128,231","128,478","128,826","129,662","130,832","131,397","132,564","133,209","133,562"
"Round Rock , Texas","99,887","103,864","106,504","109,547","112,665","115,981","120,864","123,684","128,849","133,372"
"Sterling Heights , Michigan","129,699","130,042","130,672","131,521","132,136","132,041","132,522","132,681","132,725","132,438"
"Kent , Washington","92,411","122,165","124,739","126,118","127,727","129,241","130,508","131,697","131,734","132,319"
"Columbia , South Carolina","129,272","131,302","131,761","131,527","131,781","133,616","134,129","134,005","132,770","131,674"
"Santa Clara , California","116,468","117,836","119,337","120,486","121,967","126,024","126,429","126,709","129,085","130,365"
"New Haven , Connecticut","129,779","130,845","131,114","130,906","130,611","130,383","130,417","130,653","129,993","130,250"
"Stamford , Connecticut","122,643","123,988","125,046","126,306","127,951","128,352","128,974","129,880","129,806","129,638"
"Concord , California","122,067","123,518","124,678","125,888","127,128","128,303","129,036","129,592","129,743","129,295"
"Elizabeth , New Jersey","124,969","125,792","126,595","127,278","127,658","127,661","127,968","128,175","128,599","129,216"
"Athens-Clarke County unified government (balance), Georgia","115,452","116,928","118,584","119,566","119,059","122,213","123,523","125,409","125,857","126,913"
"Thousand Oaks , California","126,683","127,325","127,657","128,224","128,636","128,632","128,480","128,229","127,279","126,813"
"Lafayette , Louisiana","120,623","122,674","123,587","124,873","126,036","126,922","127,221","126,526","126,371","126,185"
"Simi Valley , California","124,237","125,019","125,274","125,868","126,239","126,123","125,958","126,107","125,438","125,613"
"Topeka , Kansas","127,473","128,228","128,095","127,725","127,489","127,396","126,948","126,517","125,778","125,310"
"Norman , Oklahoma","110,925","113,882","115,600","118,695","118,228","120,239","121,974","123,390","123,844","124,880"
"Fargo , North Dakota","105,549","108,142","110,881","113,739","115,715","118,093","120,149","122,420","124,091","124,662"
"Wilmington , North Carolina","106,476","108,141","109,658","111,686","113,320","115,050","118,770","120,836","122,616","123,744"
"Abilene , Texas","117,063","118,762","119,853","119,797","120,648","121,707","121,883","122,186","122,775","123,420"
"Odessa , Texas","99,940","102,009","105,908","110,158","114,430","118,421","117,159","116,418","120,037","123,334"
"Columbia , Missouri","108,500","111,514","113,553","115,440","117,028","118,570","120,248","121,539","122,533","123,195"
"Pearland , Texas","91,252","96,271","99,283","102,832","106,027","111,267","115,926","119,312","121,424","122,460"
"Victorville , California","115,903","117,891","119,831","120,697","121,087","121,442","121,725","121,988","121,952","122,385"
"Hartford , Connecticut","124,775","125,434","125,266","125,128","124,665","124,311","123,654","122,888","122,556","122,105"
"Vallejo , California","115,942","116,709","117,599","118,550","119,602","120,477","120,949","121,546","121,677","121,692"
"Allentown , Pennsylvania","118,032","118,782","118,878","118,826","119,167","120,071","120,420","121,047","121,537","121,442"
"Berkeley , California","112,580","113,968","115,309","116,944","118,697","120,749","121,547","122,164","121,663","121,363"
"Richardson , Texas","99,223","101,660","103,695","105,166","109,134","110,883","113,910","116,237","119,878","121,323"
"Arvada , Colorado","106,433","108,084","110,229","111,872","113,692","115,406","117,710","118,950","120,421","121,272"
"Ann Arbor , Michigan","113,934","115,539","116,079","116,820","118,716","119,884","120,919","121,493","121,429","119,980"
"Rochester , Minnesota","106,769","108,097","108,916","110,427","111,198","112,160","114,051","115,586","117,047","118,935"
"Cambridge , Massachusetts","105,162","105,884","107,886","112,036","112,993","113,471","115,685","116,869","118,151","118,927"
"Sugar Land , Texas","78,817","109,854","111,277","113,490","116,807","118,405","118,784","118,967","118,777","118,488"
"Lansing , Michigan","114,297","114,559","114,661","114,734","115,093","115,324","116,569","117,730","117,931","118,210"
"Evansville , Indiana","117,429","120,216","120,266","120,295","120,153","119,487","119,004","118,331","118,060","117,979"
"College Station , Texas","93,857","95,671","97,761","100,601","103,469","108,952","111,068","114,483","116,035","117,911"
"Fairfield , California","105,321","106,245","107,497","109,137","110,727","112,365","114,456","115,817","116,678","117,133"
"Clearwater , Florida","107,685","109,204","109,538","110,279","111,167","112,939","114,175","115,482","116,324","116,946"
"Beaumont , Texas","118,296","117,908","117,033","118,068","117,812","118,603","118,734","118,953","117,667","116,825"
"Independence , Missouri","116,830","116,917","117,318","117,281","117,505","117,260","117,268","117,197","117,017","116,672"
"Provo , Utah","112,488","115,191","115,559","116,119","115,378","114,596","116,627","117,583","116,630","116,618"
"West Jordan , Utah","103,712","106,349","108,086","109,735","110,416","111,293","113,325","113,945","115,610","116,480"
"Murrieta , California","103,466","105,370","106,509","107,361","108,037","109,372","111,492","112,995","114,715","116,223"
"Palm Bay , Florida","103,190","104,131","104,819","105,329","106,237","108,160","110,289","112,217","113,854","115,552"
"El Monte , California","113,475","114,101","114,843","115,414","115,627","115,824","115,550","115,514","115,308","115,487"
"Carlsbad , California","105,328","107,460","108,948","110,665","111,609","112,662","113,265","114,477","115,518","115,382"
"North Charleston , South Carolina","97,471","99,898","101,994","104,050","106,754","108,597","109,738","110,820","113,077","115,382"
"Temecula , California","100,097","102,640","104,295","106,073","108,671","111,140","112,402","113,987","114,614","114,761"
"Clovis , California","95,631","97,557","98,588","99,631","101,904","103,828","106,353","109,316","111,824","114,584"
"Springfield , Illinois","116,250","117,786","117,928","117,633","117,489","117,221","116,536","115,771","114,840","114,230"
"Meridian , Idaho","75,092","79,723","82,125","85,086","89,174","92,144","96,227","100,539","106,464","114,161"
"Westminster , Colorado","106,114","107,739","109,083","110,422","111,517","112,420","112,984","112,961","113,227","113,166"
"Costa Mesa , California","109,960","111,151","111,790","112,244","112,485","112,808","112,933","113,665","113,302","113,003"
"High Point , North Carolina","104,371","105,823","106,567","107,573","108,797","110,232","111,533","111,746","112,073","112,791"
"Manchester , New Hampshire","109,565","110,281","110,888","111,008","111,198","111,275","111,903","112,235","112,492","112,673"
"Pueblo , Colorado","106,595","107,146","107,476","107,670","107,823","108,955","110,118","111,059","111,725","112,361"
"Lakeland , Florida","97,422","98,834","99,000","100,326","102,034","103,550","105,837","107,712","110,421","112,136"
"Pompano Beach , Florida","99,845","101,756","102,888","104,183","105,500","106,937","109,358","110,354","111,636","112,118"
"West Palm Beach , Florida","99,919","101,498","102,526","103,420","104,314","106,850","108,740","110,328","111,058","111,955"
"Antioch , California","102,372","104,193","105,565","107,351","109,071","110,308","111,088","111,494","111,578","111,502"
"Everett , Washington","103,019","103,445","104,436","105,048","106,460","107,077","108,931","110,169","111,088","111,475"
"Downey , California","111,772","112,215","112,582","112,858","113,091","113,260","112,896","112,426","111,915","111,126"
"Lowell , Massachusetts","106,519","107,774","108,803","109,757","110,537","111,142","111,226","111,738","111,362","110,997"
"Centennial , Colorado","100,377","102,508","104,249","106,634","107,438","109,120","109,735","110,388","110,814","110,937"
"Elgin , Illinois","108,188","109,225","109,710","110,149","111,059","111,992","112,265","112,103","111,490","110,849"
"Richmond , California","103,701","104,882","106,023","107,083","107,921","109,062","109,663","109,860","110,189","110,567"
"Peoria , Illinois","115,007","115,426","115,798","116,646","115,955","115,183","114,227","112,618","111,449","110,417"
"Broken Arrow , Oklahoma","98,850","100,199","102,179","103,603","104,944","106,842","107,884","108,395","109,068","110,198"
"Miami Gardens , Florida","107,167","108,859","110,056","110,842","110,943","111,561","111,884","112,220","111,144","110,001"
"Billings , Montana","104,170","105,458","106,765","108,561","108,434","109,599","109,620","109,797","109,444","109,577"
"Jurupa Valley , California",(X),"97,195","98,350","99,469","100,080","101,460","103,240","105,760","108,314","109,527"
"Sandy Springs , Georgia","93,853","96,677","98,882","99,377","101,371","104,789","105,578","106,634","108,846","109,452"
"Gresham , Oregon","105,594","107,720","108,779","109,221","110,029","110,378","111,762","111,243","109,808","109,381"
"Lewisville , Texas","95,290","97,636","99,703","101,156","102,963","103,956","105,030","106,439","106,938","109,212"
"Hillsboro , Oregon","91,611","94,274","96,343","98,160","99,827","102,550","105,374","107,433","108,201","109,128"
"San Buenaventura (Ventura) , California","106,433","108,306","109,002","109,339","109,535","109,668","109,893","110,093","110,731","109,106"
"Greeley , Colorado","92,889","94,466","95,597","96,848","99,055","101,763","104,751","106,780","107,475","108,649"
"Inglewood , California","109,673","110,501","110,866","110,954","110,840","110,693","110,271","109,907","109,038","108,151"
"Waterbury , Connecticut","110,366","110,074","110,019","109,733","109,524","108,993","108,453","108,277","108,123","107,568"
"League  , Texas","83,560","86,278","88,242","90,790","94,121","97,860","101,669","104,442","106,005","107,536"
"Santa Maria , California","99,553","100,293","101,116","102,057","103,021","104,462","105,811","106,298","107,218","107,263"
"Tyler , Texas","96,900","98,015","98,941","99,730","101,557","102,712","103,904","104,738","105,668","106,985"
"Davie town, Florida","91,992","94,455","95,776","97,599","99,179","101,229","103,255","105,136","106,131","106,306"
"Daly  , California","101,123","102,460","103,915","104,980","105,887","106,538","106,882","106,733","106,869","106,280"
"Boulder , Colorado","97,385","100,137","101,160","102,719","104,451","106,742","107,128","106,447","106,008","105,673"
"Allen , Texas","84,246","87,680","89,812","92,173","94,215","98,344","99,742","101,214","103,577","105,623"
"West Covina , California","106,098","106,721","107,082","107,348","107,447","107,540","107,437","106,942","105,964","105,101"
"Sparks , Nevada","90,264","91,616","92,406","93,317","94,561","95,759","98,068","100,048","103,979","105,006"
"Wichita Falls , Texas","104,553","103,966","104,628","104,948","105,208","103,892","104,075","104,325","104,356","104,683"
"Green Bay , Wisconsin","104,057","104,302","104,621","104,593","104,635","104,792","104,721","104,977","104,833","104,578"
"San Mateo , California","97,207","98,518","99,816","101,323","102,695","103,509","104,357","104,389","104,885","104,430"
"Norwalk , California","105,549","105,903","105,976","106,122","106,189","106,237","105,844","105,466","104,798","103,949"
"Rialto , California","99,171","100,563","101,278","101,547","102,031","102,485","102,896","103,234","103,232","103,526"
"Las Cruces , New Mexico","97,618","100,212","101,045","101,238","101,192","101,113","101,313","101,963","102,812","103,432"
"Chico , California","86,187","87,269","87,915","88,362","89,491","90,369","91,564","93,066","94,342","103,301"
"El Cajon , California","99,478","100,795","101,537","102,303","102,789","103,230","103,527","103,468","103,041","102,708"
"Burbank , California","103,340","103,732","104,077","104,355","104,405","104,472","104,097","104,174","103,349","102,511"
"South Bend , Indiana","101,168","101,224","101,056","101,226","101,489","101,687","101,996","102,021","101,971","102,026"
"Renton , Washington","90,927","94,131","95,941","97,090","98,588","100,455","101,513","101,981","101,787","101,751"
"Vista , California","93,834","94,355","95,307","96,211","96,999","99,623","100,746","100,740","100,784","101,638"
"Davenport , Iowa","99,685","100,302","101,165","102,053","102,471","102,534","102,456","102,310","101,918","101,590"
"Edinburg , Texas","77,100","84,796","86,263","88,355","90,342","91,780","92,776","95,427","98,036","101,170"
"Tuscaloosa , Alabama","90,468","90,913","92,307","93,886","95,688","97,576","98,428","99,629","100,190","101,129"
"Carmel , Indiana","79,191","86,508","88,566","90,947","91,569","92,998","96,114","97,400","99,143","101,068"
"Spokane Valley , Washington","89,755","90,665","90,659","91,240","92,569","94,163","95,652","97,570","99,308","101,060"
"San Angelo , Texas","93,200","94,532","95,841","97,057","98,567","99,704","99,790","99,678","100,009","101,004"
"Vacaville , California","92,428","93,225","93,660","94,023","95,394","96,224","97,994","99,604","99,949","100,670"
"Bend , Oregon","76,639","77,575","78,617","80,906","83,526","86,277","90,665","94,557","97,620","100,421"
"Kenosha , Wisconsin","99,218","99,560","99,859","99,704","99,728","99,479","99,388","99,785","99,908","99,944"
"Boca Raton , Florida","84,392","86,460","87,646","89,689","91,276","93,498","96,427","98,236","99,351","99,805"
"Lee's Summit , Missouri","91,364","91,920","92,376","92,968","93,727","94,871","96,034","97,169","98,522","99,357"
"Nampa , Idaho","81,557","82,716","83,941","86,377","87,894","89,527","91,114","93,707","96,213","99,277"
"Rio Rancho , New Mexico","87,521","89,499","90,444","91,334","91,963","93,116","94,511","96,285","97,982","99,178"
"South Fulton , Georgia",(X),"88,696","91,019","91,757","92,494","93,516","95,264","96,078","97,278","99,155"
"Roanoke , Virginia","97,032","96,782","98,011","98,849","99,427","99,669","99,337","98,986","99,009","99,143"
"Beaverton , Oregon","89,803","91,569","92,558","93,279","94,714","95,863","97,738","97,824","98,775","99,037"
"Yuma , Arizona","93,064","94,241","93,701","92,998","93,624","94,155","95,259","96,399","97,648","98,285"
"Lawrence , Kansas","87,643","89,301","90,118","91,348","92,881","94,207","95,655","96,637","97,187","98,193"
"Orem , Utah","88,328","89,605","90,578","91,318","91,362","93,777","96,902","97,674","97,430","97,828"
"Longmont , Colorado","86,270","87,691","88,903","90,221","90,623","92,280","93,269","94,637","96,536","97,261"
"San Marcos , California","83,781","85,001","86,816","89,423","92,372","93,199","94,932","95,614","96,480","96,664"
"Albany , New York","97,856","97,956","98,409","98,488","98,366","98,232","97,941","97,735","97,011","96,460"
"Sandy , Utah","87,461","91,076","91,929","92,599","93,341","94,537","96,444","96,406","96,737","96,380"
"Concord , North Carolina","79,066","80,725","82,134","83,416","85,395","87,490","89,763","92,164","94,192","96,341"
"Federal Way , Washington","89,306","90,664","91,913","92,632","93,421","95,254","97,131","97,274","96,726","96,289"
"Hesperia , California","90,173","91,168","91,568","91,777","92,071","92,653","93,251","94,473","95,013","95,750"
"Brockton , Massachusetts","93,810","94,117","94,050","94,361","94,858","95,425","95,441","95,682","95,723","95,708"
"Compton , California","96,455","96,933","97,350","97,600","97,634","97,639","97,281","97,047","96,348","95,605"
"Flint , Michigan","102,434","101,256","100,233","99,479","98,617","97,823","97,110","96,460","95,926","95,538"
"Erie , Pennsylvania","101,786","101,511","101,290","100,532","99,714","99,030","98,211","97,214","96,298","95,508"
"New Bedford , Massachusetts","95,072","94,896","94,998","95,065","95,121","95,128","95,135","95,083","95,371","95,363"
"Fishers , Indiana","76,794","80,503","82,389","84,416","86,865","88,656","89,809","91,606","93,407","95,310"
"Sunrise , Florida","84,439","86,303","88,582","89,757","90,661","91,928","93,668","94,274","95,219","95,166"
"Roswell , Georgia","88,346","90,902","93,210","93,661","93,597","93,827","94,549","94,699","94,665","94,763"
"Menifee , California","77,519","79,665","81,026","83,045","84,522","86,411","88,057","90,104","92,249","94,756"
"Tracy , California","82,922","84,302","84,727","84,872","85,713","86,953","89,181","90,701","91,818","94,740"
"Plantation , Florida","84,955","86,874","87,928","90,051","90,968","91,904","92,767","93,824","94,019","94,580"
"Quincy , Massachusetts","92,271","92,544","92,973","93,470","93,685","93,766","94,130","94,322","94,403","94,470"
"Portsmouth , Virginia","95,535","95,748","96,480","96,075","95,829","96,336","95,165","94,838","94,750","94,398"
"Mission Viejo , California","93,305","94,020","94,627","96,003","96,622","96,543","96,149","95,551","94,925","94,381"
"Chino , California","77,983","79,591","79,949","80,799","84,296","85,169","87,468","89,601","91,356","94,371"
"Lynn , Massachusetts","90,329","90,709","91,437","92,025","92,565","93,057","93,185","93,915","94,336","94,299"
"Edmond , Oklahoma","81,405","82,910","84,877","86,926","88,599","90,118","91,388","91,700","92,893","94,054"
"Dearborn , Michigan","98,153","97,173","96,878","96,065","95,973","95,488","95,052","94,708","94,379","93,932"
"Livonia , Michigan","96,942","96,142","95,921","95,239","95,229","94,843","94,507","94,237","94,019","93,665"
"Yakima , Washington","91,067","92,605","92,654","92,713","92,790","92,953","93,429","93,500","93,548","93,637"
"South Gate , California","94,396","94,591","94,577","94,674","94,741","95,597","95,245","94,848","94,135","93,444"
"Greenville , North Carolina","84,554","86,269","87,625","88,847","89,242","90,499","90,966","92,008","92,689","93,400"
"Lawton , Oklahoma","96,867","98,208","98,415","96,977","96,660","95,965","94,117","94,009","92,945","93,025"
"Kirkland , Washington","48,787","82,036","83,358","84,455","85,971","87,312","87,990","89,010","89,909","93,010"
"Asheville , North Carolina","83,393","84,457","85,321","86,355","87,837","89,374","91,123","91,748","92,630","92,870"
"Deltona , Florida","85,182","84,979","85,139","85,583","86,295","87,728","89,314","90,586","91,718","92,757"
"Redding , California","89,861","90,180","90,397","90,773","91,120","90,963","91,203","91,525","91,606","92,590"
"Bellingham , Washington","80,885","81,859","82,299","82,593","83,386","84,998","86,954","89,031","90,464","92,314"
"Suffolk , Virginia","84,585","84,750","85,251","85,751","86,882","88,079","89,194","90,108","90,975","92,108"
"Indio , California","76,036","81,046","82,250","83,358","85,127","86,917","88,196","89,438","90,970","91,765"
"Mount Pleasant town, South Carolina","67,843","69,807","72,172","74,906","77,937","81,617","84,476","87,295","89,869","91,684"
"Carson , California","91,714","91,690","92,162","92,535","92,684","92,752","92,572","92,193","91,626","91,394"
"Santa Barbara , California","88,410","88,605","89,285","90,082","90,815","91,275","91,518","91,517","91,203","91,364"
"Conroe , Texas","56,207","67,352","69,662","70,676","73,779","76,322","82,068","84,809","87,578","91,079"
"Westminster , California","89,701","90,710","91,223","91,624","91,555","91,582","91,510","91,176","90,742","90,643"
"Santa Monica , California","89,736","90,476","91,327","92,050","92,087","92,422","92,176","91,747","91,106","90,401"
"New Braunfels , Texas","57,740","59,319","60,885","63,025","65,902","70,133","73,351","78,902","84,495","90,209"
"Livermore , California","80,968","82,589","83,831","85,448","87,017","88,248","89,572","90,137","90,253","90,189"
"Palm Coast , Florida","75,180","76,641","77,363","78,409","80,027","81,938","84,155","86,146","87,660","89,800"
"St. George , Utah","72,897","73,789","75,010","76,275","77,942","79,574","81,696","84,547","87,113","89,587"
"Fall River , Massachusetts","88,857","88,827","88,852","88,992","89,148","89,258","89,287","89,298","89,630","89,541"
"Nashua , New Hampshire","86,494","86,809","86,927","87,324","87,651","88,271","88,648","88,990","88,871","89,355"
"Champaign , Illinois","81,055","82,330","83,202","84,112","84,953","86,218","87,244","87,839","87,994","88,909"
"Miami Beach , Florida","87,779","88,713","89,566","90,152","90,184","90,570","90,652","90,642","89,808","88,885"
"Norwalk , Connecticut","85,603","86,611","87,257","87,728","88,023","88,248","88,441","88,357","89,061","88,816"
"San Leandro , California","84,950","85,921","86,976","88,074","89,195","90,538","90,706","90,418","89,713","88,815"
"O'Fallon , Missouri","79,329","81,184","82,136","83,136","84,221","85,061","86,449","87,523","88,364","88,673"
"Newton , Massachusetts","85,146","85,827","87,029","87,479","88,269","88,588","88,569","88,836","88,641","88,414"
"Reading , Pennsylvania","88,082","88,195","88,141","88,264","88,171","88,047","88,128","88,134","88,542","88,375"
"Avondale , Arizona","76,238","77,279","78,718","79,745","80,726","81,924","83,288","84,742","85,715","87,931"
"Fort Smith , Arkansas","86,209","87,205","87,624","87,385","87,131","87,677","87,561","87,834","87,720","87,891"
"Citrus Heights , California","83,301","83,781","84,308","84,924","85,665","86,543","87,179","87,675","87,707","87,796"
"Ogden , Utah","82,825","83,312","83,874","84,180","84,406","85,295","86,742","87,061","87,202","87,773"
"Fayetteville , Arkansas","73,580","75,604","76,969","78,652","80,417","82,332","83,620","85,587","86,615","87,590"
"Fort Myers , Florida","62,298","63,818","65,504","67,802","70,449","73,470","76,752","80,015","82,229","87,103"
"Goodyear , Arizona","65,275","66,589","67,822","70,392","72,346","74,815","77,412","79,945","82,873","86,840"
"Bryan , Texas","76,201","77,196","77,832","78,939","80,667","82,052","83,171","84,188","84,817","86,276"
"Waukegan , Illinois","89,078","88,998","88,799","88,897","88,791","88,369","88,157","87,615","86,680","86,075"
"Hawthorne , California","84,293","84,922","85,359","85,863","86,740","87,669","87,685","87,308","86,671","86,068"
"Redwood  , California","76,815","77,970","79,188","81,034","82,741","85,274","85,293","86,394","86,105","85,925"
"Hoover , Alabama","81,619","81,617","82,952","83,581","84,005","84,592","84,895","85,235","85,517","85,768"
"Bloomington , Indiana","80,405","81,497","82,160","82,457","83,162","83,596","84,387","84,837","85,139","85,755"
"Duluth , Minnesota","86,265","86,239","86,162","86,045","86,095","85,985","86,084","85,979","85,856","85,618"
"Lake Forest , California","77,264","78,299","78,727","79,112","79,678","81,964","83,019","83,878","85,381","85,531"
"Hemet , California","78,657","80,226","81,033","81,718","82,541","83,305","84,121","84,809","85,148","85,334"
"Whittier , California","85,331","85,633","85,968","86,326","86,482","86,705","86,600","86,326","85,791","85,098"
"Clifton , New Jersey","84,136","84,690","84,695","84,898","85,141","85,240","85,192","85,267","85,251","85,052"
"Largo , Florida","77,648","79,480","79,738","80,422","80,852","81,903","84,088","84,686","84,937","84,948"
"Bloomington , Minnesota","82,893","83,937","84,867","85,078","85,052","85,190","85,459","85,588","85,474","84,943"
"Danbury , Connecticut","80,893","82,085","82,777","83,577","83,681","84,200","84,927","84,616","84,675","84,694"
"Santa Fe , New Mexico","67,947","81,706","82,144","82,584","82,824","83,117","83,515","83,954","84,211","84,683"
"Johns Creek , Georgia","76,728","79,218","81,852","82,455","82,743","82,980","83,930","84,282","84,320","84,579"
"Newport Beach , California","85,186","86,073","86,522","86,877","86,688","86,585","86,510","85,740","85,074","84,534"
"Kennewick , Washington","73,917","75,585","75,930","76,579","77,339","78,724","80,081","81,621","82,696","84,347"
"Mission , Texas","77,058","79,728","80,920","81,486","82,167","82,823","83,257","83,576","83,958","84,331"
"Milpitas , California","66,790","67,124","68,862","69,944","73,560","77,485","77,829","77,874","80,208","84,196"
"Troy , Michigan","80,980","81,649","82,271","83,007","83,399","83,496","84,092","84,187","84,111","84,092"
"Chino Hills , California","74,799","75,639","76,042","76,285","76,509","77,826","78,452","80,115","83,239","83,853"
"Alhambra , California","83,089","83,594","84,120","84,337","84,786","84,843","85,221","84,878","84,373","83,750"
"Merced , California","78,958","79,705","80,231","80,703","81,120","81,775","82,232","82,589","83,113","83,676"
"Trenton , New Jersey","84,913","84,854","84,631","84,503","84,042","83,519","83,313","83,497","83,604","83,203"
"Franklin , Tennessee","62,487","64,357","66,359","68,876","70,620","72,573","74,695","78,265","81,027","83,097"
"Medford , Oregon","74,907","75,617","76,153","76,840","77,763","78,990","80,174","81,191","82,333","83,072"
"Melbourne , Florida","76,068","76,537","76,854","77,393","78,276","79,323","80,656","81,822","82,603","83,029"
"Manteca , California","67,096","69,244","70,884","71,761","73,157","75,088","76,831","79,079","81,603","83,028"
"Mountain View , California","74,066","75,108","76,507","77,955","79,150","80,345","80,821","81,189","83,168","82,739"
"Sioux  , Iowa","82,684","83,096","82,689","82,608","82,534","82,669","82,748","82,234","82,380","82,651"
"Lynchburg , Virginia","75,568","76,584","77,269","77,940","78,141","79,134","79,710","80,523","81,309","82,168"
"Buena Park , California","80,530","81,553","82,045","82,717","82,621","82,770","82,988","82,619","82,187","81,788"
"Pleasanton , California","70,285","71,133","72,098","74,026","77,454","79,265","82,330","82,831","82,357","81,777"
"Longview , Texas","80,455","81,024","81,190","81,249","81,253","81,717","81,378","80,980","81,191","81,631"
"Westland , Michigan","84,094","83,518","83,334","82,659","82,628","82,321","82,115","81,940","81,752","81,511"
"Auburn , Washington","70,180","71,748","73,474","74,924","76,198","77,479","78,725","81,333","81,789","81,464"
"Cranston , Rhode Island","80,387","80,881","81,066","81,033","81,248","81,306","81,221","81,022","81,335","81,456"
"Somerville , Massachusetts","75,754","76,710","77,620","78,573","78,991","79,715","80,936","81,204","81,357","81,360"
"Folsom , California","72,203","72,542","73,042","72,782","74,950","75,935","76,999","77,798","78,842","81,328"
"Springdale , Arkansas","69,797","72,453","73,712","75,121","76,238","77,524","78,737","79,819","80,907","81,125"
"Deerfield Beach , Florida","75,018","76,504","77,395","78,002","78,565","79,334","79,972","80,525","80,666","81,066"
"Warwick , Rhode Island","82,672","82,049","81,700","81,548","81,710","81,142","81,027","80,820","80,966","81,004"
"Cicero town, Illinois","83,891","84,438","84,569","84,601","84,397","83,884","83,219","82,399","81,477","80,796"
"Farmington Hills , Michigan","79,740","80,345","80,922","81,490","81,744","81,536","81,560","81,426","80,939","80,612"
"Brooklyn Park , Minnesota","75,781","76,883","77,905","78,471","78,816","79,256","79,871","80,322","80,524","80,389"
"Lawrence , Massachusetts","76,377","77,260","77,910","78,382","79,182","79,699","79,818","80,003","80,112","80,028"
"Plymouth , Minnesota","70,576","71,703","73,104","74,096","75,176","76,034","77,341","78,128","79,345","79,768"
"Buckeye , Arizona","50,876","52,486","54,389","56,603","59,100","61,633","64,641","68,534","74,339","79,620"
"Georgetown , Texas","47,400","50,310","52,483","54,831","58,974","63,533","67,028","70,640","74,275","79,604"
"Cedar Park , Texas","48,937","58,840","61,496","64,800","67,161","69,556","72,545","75,559","76,903","79,462"
"Tustin , California","75,540","76,227","77,575","78,122","80,138","80,088","80,245","80,121","79,578","79,348"
"Lakewood , California","80,048","80,413","80,672","80,883","80,927","80,951","80,895","80,510","79,907","79,307"
"Perris , California","68,386","70,426","71,229","72,295","73,485","74,613","76,046","77,563","78,903","79,291"
"Flower Mound town, Texas","64,669","65,982","67,764","68,375","69,525","70,985","73,533","76,700","77,562","79,135"
"Pharr , Texas","70,400","72,142","73,327","74,165","75,348","76,369","77,363","78,649","78,925","79,112"
"Loveland , Colorado","66,859","69,321","70,384","71,337","72,514","74,886","76,399","76,880","77,752","78,877"
"Boynton Beach , Florida","68,217","68,905","70,049","71,305","73,155","74,005","75,877","77,711","77,949","78,679"
"New Rochelle , New York","77,062","77,701","78,328","79,265","79,342","79,419","79,455","79,084","78,822","78,557"
"Temple , Texas","66,102","67,124","68,756","69,544","70,199","71,786","73,003","74,377","76,165","78,439"
"Lake Charles , Louisiana","71,993","72,873","73,665","73,886","74,513","75,685","76,462","77,586","78,266","78,396"
"Jonesboro , Arkansas","67,263","68,998","70,440","71,604","72,303","73,763","74,797","75,938","77,234","78,394"
"Napa , California","76,915","77,679","78,168","78,728","79,384","79,636","79,616","79,083","78,946","78,130"
"Parma , Ohio","81,601","80,961","80,623","80,453","80,166","80,037","79,627","79,103","78,622","78,103"
"Layton , Utah","67,311","68,479","68,899","70,978","72,360","73,929","75,482","76,447","77,181","78,014"
"Alameda , California","73,812","74,692","75,637","76,479","77,509","78,459","79,091","79,037","78,344","77,624"
"Warner Robins , Georgia","66,588","71,523","72,522","73,253","73,859","73,991","74,950","75,394","76,365","77,617"
"Rapid  , South Dakota","67,956","69,587","70,739","71,730","72,995","73,370","74,116","75,237","76,170","77,503"
"Bloomington , Illinois","76,610","77,308","78,020","79,269","78,901","78,414","78,343","78,134","77,804","77,330"
"Gastonia , North Carolina","71,741","71,871","72,503","72,789","73,183","74,009","74,963","76,307","76,885","77,273"
"Baytown , Texas","71,802","72,500","73,311","75,334","75,926","76,286","76,369","76,693","76,592","77,192"
"Upland , California","73,732","74,465","74,933","75,188","75,542","75,970","76,374","76,778","76,833","77,140"
"Racine , Wisconsin","78,860","78,170","77,904","77,782","77,607","77,290","77,155","77,188","77,075","76,760"
"Scranton , Pennsylvania","76,089","75,926","76,024","75,831","75,443","77,149","77,235","77,214","77,017","76,653"
"South Jordan , Utah","50,418","53,309","55,842","59,142","62,446","66,034","68,545","70,929","73,837","76,598"
"Bellflower , California","76,616","76,939","77,202","77,404","77,532","77,794","77,581","77,326","76,906","76,435"
"Kalamazoo , Michigan","74,262","74,697","75,545","75,792","76,099","75,820","75,826","75,803","76,483","76,200"
"San Ramon , California","72,148","72,174","72,850","73,560","74,329","75,138","75,703","75,795","75,851","75,995"
"Bethlehem , Pennsylvania","74,982","75,061","75,040","74,852","74,966","74,966","75,273","75,546","75,742","75,815"
"Wyoming , Michigan","72,125","72,729","73,509","74,307","74,986","75,298","75,685","76,056","75,839","75,667"
"Hammond , Indiana","80,830","80,220","79,648","79,009","78,586","77,688","77,151","76,489","75,877","75,522"
"Missoula , Montana","66,788","68,078","68,877","69,487","70,227","71,292","72,779","74,077","74,882","75,516"
"Missouri  , Texas","67,358","67,441","68,107","69,314","71,076","73,611","74,359","74,617","74,834","75,457"
"Pasco , Washington","59,781","65,539","67,673","68,398","69,500","70,330","71,514","72,810","74,485","75,432"
"Baldwin Park , California","75,390","75,750","76,183","76,364","76,375","76,427","76,219","75,948","75,572","75,251"
"Iowa  , Iowa","67,862","69,201","70,182","71,454","72,831","73,497","74,587","75,690","75,696","75,130"
"Rancho Cordova , California","64,776","65,970","66,725","67,722","69,389","70,640","72,162","73,398","74,478","75,087"
"Rock Hill , South Carolina","66,154","67,593","68,131","68,788","69,690","71,183","72,460","73,414","74,458","75,048"
"Flagstaff , Arizona","65,870","66,071","67,913","68,090","68,609","69,966","71,149","72,037","73,762","75,038"
"Gary , Indiana","80,294","79,645","79,128","78,518","77,985","77,128","76,450","75,775","75,210","74,879"
"St. Joseph , Missouri","76,780","77,202","77,332","77,221","76,994","76,496","76,443","76,076","75,604","74,875"
"Arlington Heights village, Illinois","75,101","75,528","75,918","76,116","76,145","75,987","75,795","75,473","75,116","74,760"
"Bolingbrook village, Illinois","73,366","73,789","73,949","73,909","74,032","74,142","74,383","75,003","75,043","74,545"
"Rochester Hills , Michigan","70,995","71,694","72,455","73,116","73,363","73,627","73,849","74,517","74,544","74,516"
"Framingham , Massachusetts",(X),"69,656","70,061","70,411","70,786","70,938","71,459","71,784","72,909","74,416"
"Union  , California","69,516","70,597","71,642","72,552","73,481","74,343","75,465","75,227","74,560","74,107"
"Appleton , Wisconsin","72,623","72,921","73,128","73,591","74,001","74,151","74,392","74,524","74,378","74,098"
"Turlock , California","68,549","69,251","69,719","70,261","70,868","71,776","72,578","73,241","73,396","73,631"
"Camden , New Jersey","77,344","77,049","76,711","76,283","75,673","75,204","73,818","73,728","73,725","73,562"
"Bismarck , North Dakota","61,272","62,768","64,772","67,127","69,011","71,413","72,580","73,141","73,229","73,529"
"Evanston , Illinois","74,486","75,142","75,723","75,984","75,994","75,619","75,243","74,617","73,990","73,473"
"Apple Valley town, California","69,135","70,025","70,381","70,706","71,141","71,747","72,262","72,871","73,349","73,453"
"Schaumburg village, Illinois","74,227","74,551","74,775","74,911","74,903","74,651","74,592","74,039","73,388","72,887"
"Woodbury , Minnesota","61,961","63,559","64,472","65,523","66,625","67,445","68,495","69,520","71,231","72,828"
"Kissimmee , Florida","59,682","61,323","63,422","64,921","66,509","68,633","69,407","71,446","73,751","72,717"
"Southfield , Michigan","71,739","72,248","72,711","73,226","73,439","73,389","73,465","73,386","72,976","72,689"
"Maple Grove , Minnesota","61,567","63,196","64,504","65,442","66,966","68,405","69,678","70,812","71,711","72,622"
"Pittsburg , California","63,264","64,546","65,523","66,646","67,974","69,260","70,798","72,000","72,450","72,588"
"New Britain , Connecticut","73,206","73,274","73,221","73,050","73,048","73,213","72,816","72,626","72,591","72,495"
"Jacksonville , North Carolina","70,145","75,194","76,365","75,681","74,217","74,306","72,745","72,800","72,775","72,436"
"Mansfield , Texas","56,368","58,331","59,682","61,228","62,605","64,705","66,253","68,841","70,796","72,419"
"Waukesha , Wisconsin","70,718","71,224","71,717","71,775","72,009","72,375","72,405","72,516","72,453","72,299"
"Frederick , Maryland","65,239","65,954","66,402","66,827","68,275","69,372","69,881","70,947","71,945","72,244"
"Albany , Georgia","77,434","77,893","77,537","76,416","75,940","74,891","73,957","73,252","73,219","72,130"
"Pawtucket , Rhode Island","71,148","71,406","71,582","71,623","71,693","71,755","71,775","71,600","71,973","72,117"
"Redmond , Washington","54,144","55,674","56,741","57,606","59,416","60,770","62,794","64,872","67,436","71,929"
"Lauderhill , Florida","66,887","68,246","69,012","69,531","70,110","70,901","71,474","71,915","71,924","71,868"
"Lafayette , Indiana","67,140","69,916","70,163","70,976","71,012","71,143","71,960","72,110","72,233","71,721"
"Gulfport , Mississippi","67,793","68,865","69,782","70,801","71,173","71,346","71,518","71,945","71,771","71,705"
"Redlands , California","68,747","69,320","69,637","69,800","70,209","70,625","71,027","71,342","71,416","71,513"
"Weston , Florida","65,333","66,840","67,702","68,333","68,926","69,687","70,324","70,901","71,030","71,166"
"St. Charles , Missouri","65,794","66,633","66,986","68,151","68,568","69,120","69,402","70,390","70,807","71,028"
"Decatur , Illinois","76,122","75,922","75,449","74,955","74,155","73,265","72,510","71,790","71,136","70,746"
"North Port , Florida","57,357","57,726","58,416","59,113","60,323","62,244","64,371","66,272","68,438","70,724"
"North Richland Hills , Texas","63,343","64,256","65,254","67,239","68,424","69,145","69,973","70,516","70,686","70,670"
"Greenville , South Carolina","58,409","59,810","60,171","60,625","61,505","63,606","67,134","68,474","68,849","70,635"
"Bowling Green , Kentucky","58,067","60,357","61,294","62,698","63,528","64,940","66,087","67,866","68,633","70,543"
"Broomfield , Colorado","55,889","57,493","58,971","60,149","61,764","64,866","66,513","68,263","69,324","70,465"
"Canton , Ohio","73,007","73,181","73,147","72,915","72,634","72,173","71,629","71,156","70,752","70,447"
"Marysville , Washington","60,020","61,243","62,297","63,135","64,919","66,558","67,586","68,897","69,606","70,298"
"Walnut Creek , California","64,173","64,827","65,529","66,812","67,500","68,747","69,235","69,645","69,843","70,166"
"Wilmington , Delaware","70,851","70,868","71,045","71,201","71,201","71,131","70,919","70,658","70,457","70,166"
"Camarillo , California","65,201","65,515","65,656","65,882","66,517","67,171","67,141","67,403","68,883","69,888"
"Lynwood , California","69,772","69,661","70,576","71,146","71,193","71,397","70,979","70,685","70,285","69,887"
"Lehi , Utah","47,407","49,677","51,385","55,089","57,000","59,034","61,690","63,674","65,958","69,724"
"Passaic , New Jersey","69,781","70,144","69,966","70,081","70,240","70,237","70,130","70,123","69,932","69,703"
"Homestead , Florida","60,512","62,214","63,148","64,246","65,290","66,192","68,045","69,124","69,254","69,523"
"Delray Beach , Florida","60,522","61,495","62,267","64,177","65,004","66,203","67,546","68,708","69,176","69,451"
"Davis , California","65,622","65,657","65,781","66,213","66,545","67,367","68,028","68,802","69,220","69,413"
"Lake Elsinore , California","51,821","55,078","56,044","57,711","60,111","61,955","63,807","66,066","68,051","69,283"
"Daytona Beach , Florida","61,005","61,720","62,199","62,957","63,560","64,962","67,076","68,096","68,709","69,186"
"Dothan , Alabama","65,496","66,619","67,212","67,666","68,122","68,295","68,287","68,293","68,337","68,941"
"Rocklin , California","56,974","58,426","58,962","59,613","60,060","60,908","62,605","64,654","67,065","68,823"
"Eau Claire , Wisconsin","65,883","66,841","67,342","67,892","67,747","67,740","68,254","68,547","68,770","68,802"
"Rogers , Arkansas","55,964","58,226","59,666","60,663","62,086","63,584","65,236","66,605","67,635","68,669"
"Castle Rock town, Colorado","48,231","49,693","51,017","52,657","55,154","57,175","59,284","62,297","65,000","68,484"
"St. Cloud , Minnesota","65,842","65,873","65,930","66,085","66,536","67,352","67,832","68,103","68,181","68,462"
"Bossier  , Louisiana","61,315","63,540","65,414","66,191","67,078","68,157","68,125","68,471","68,316","68,159"
"Rockville , Maryland","61,209","62,055","63,286","63,825","65,445","66,733","66,923","67,830","68,028","68,079"
"Muncie , Indiana","70,085","70,406","69,757","69,710","69,606","69,121","69,148","68,854","68,115","67,999"
"Gaithersburg , Maryland","59,933","61,440","63,037","65,673","66,518","67,081","67,587","67,987","68,070","67,985"
"Union  , New Jersey","66,455","67,446","67,844","68,232","68,302","68,119","68,365","68,485","68,124","67,982"
"West Des Moines , Iowa","56,609","57,562","58,154","59,733","61,827","63,489","64,595","65,556","66,605","67,899"
"South San Francisco , California","63,632","64,448","65,581","66,237","66,813","67,221","67,220","67,180","67,617","67,789"
"Yorba Linda , California","64,234","65,610","66,282","66,803","67,359","67,527","68,033","67,895","67,589","67,644"
"Conway , Arkansas","58,908","61,630","62,818","63,359","64,403","64,769","65,232","65,958","67,032","67,638"
"Lodi , California","62,134","62,741","63,048","63,128","63,620","64,264","64,578","65,715","67,003","67,586"
"Palatine village, Illinois","68,557","68,886","69,170","69,378","69,427","69,302","68,953","68,506","67,942","67,482"
"Ankeny , Iowa","45,582","47,043","48,363","50,785","53,299","56,109","58,609","62,365","65,248","67,355"
"Mount Vernon , New York","67,292","67,751","67,844","68,133","68,213","68,281","68,245","67,966","67,655","67,345"
"Rowlett , Texas","56,199","57,011","57,771","58,090","58,471","60,355","62,291","62,992","66,126","67,339"
"Waterloo , Iowa","68,406","68,554","68,535","68,700","68,676","68,619","68,108","67,758","67,722","67,328"
"Lakeville , Minnesota","55,954","56,711","57,471","58,697","59,976","60,791","61,997","63,677","65,778","67,317"
"Alpharetta , Georgia","57,551","59,141","61,577","61,937","62,693","63,337","65,411","65,734","66,257","67,213"
"Jackson , Tennessee","65,211","66,726","67,018","67,467","67,112","66,760","66,718","66,748","66,952","67,191"
"Yuba  , California","64,925","65,364","65,283","65,538","65,757","66,134","66,218","66,564","66,695","67,010"
"Oshkosh , Wisconsin","66,083","66,360","66,862","66,943","66,796","66,684","66,634","66,705","66,802","67,004"
"Victoria , Texas","62,592","63,113","64,244","64,964","65,904","67,154","67,346","67,019","66,835","66,916"
"Johnson  , Tennessee","63,152","63,951","64,370","64,706","65,106","65,497","66,140","66,164","66,759","66,906"
"Redondo Beach , California","66,748","67,192","67,438","67,629","67,673","67,771","67,809","67,511","67,206","66,749"
"Tamarac , Florida","60,427","62,019","62,752","63,262","63,731","64,499","65,517","66,148","66,447","66,721"
"Laguna Niguel , California","62,979","63,774","64,134","64,381","65,079","65,396","65,145","66,011","66,079","66,385"
"Eagan , Minnesota","64,206","64,488","64,878","65,403","65,996","66,212","66,328","66,594","66,472","66,372"
"Kenner , Louisiana","66,702","66,814","66,781","66,836","66,776","66,896","67,083","66,933","66,584","66,340"
"Auburn , Alabama","53,380","54,950","57,149","58,816","60,372","61,754","62,773","63,927","65,495","66,259"
"Ames , Iowa","58,965","60,440","61,427","63,053","64,773","65,685","65,915","66,301","66,001","66,258"
"Portland , Maine","66,194","66,183","66,216","66,391","66,832","66,825","66,911","66,646","66,405","66,215"
"North Little Rock , Arkansas","62,304","63,482","64,645","65,929","66,656","66,388","66,141","65,855","66,022","65,903"
"Sammamish , Washington","45,780","58,726","59,973","61,006","62,174","63,266","63,817","64,929","65,495","65,892"
"Madera , California","61,416","61,907","62,382","62,749","63,230","63,690","64,187","64,941","65,440","65,860"
"Shawnee , Kansas","62,209","63,011","63,559","64,243","64,449","64,994","65,376","65,556","65,933","65,807"
"Jupiter town, Florida","55,156","56,214","57,203","58,501","60,772","62,810","64,066","64,888","65,377","65,791"
"Doral , Florida","45,704","47,024","47,877","50,052","53,643","55,482","57,704","60,222","60,762","65,741"
"Blaine , Minnesota","57,186","58,194","59,438","60,500","61,386","62,360","63,191","64,288","65,082","65,607"
"Tulare , California","59,278","59,789","60,625","60,905","61,444","61,915","62,538","63,486","64,274","65,496"
"Youngstown , Ohio","66,982","66,556","66,056","65,470","65,142","64,687","64,335","64,540","64,860","65,469"
"Wellington village, Florida","56,508","57,506","58,593","60,303","61,507","62,605","64,204","64,793","65,058","65,398"
"Pflugerville , Texas","46,936","50,273","51,988","53,813","54,714","57,241","59,500","63,260","64,172","65,380"
"Palo Alto , California","64,403","65,345","66,089","66,613","66,848","66,782","67,353","66,960","66,258","65,364"
"Schenectady , New York","66,135","66,098","66,087","65,829","65,846","65,538","65,076","65,300","65,345","65,273"
"Harlingen , Texas","64,849","65,638","65,786","65,674","65,510","65,208","65,229","65,153","64,996","65,022"
"Bayonne , New Jersey","63,024","63,945","64,252","64,736","65,369","65,290","65,315","65,333","64,677","64,897"
"Eden Prairie , Minnesota","60,797","61,667","62,392","62,673","63,341","63,608","64,001","64,193","64,263","64,893"
"Port Orange , Florida","56,048","56,727","56,978","57,508","58,983","60,145","61,454","63,062","64,055","64,842"
"Dublin , California","46,036","46,804","48,700","52,027","54,554","57,545","59,579","60,797","63,423","64,826"
"San Marcos , Texas","44,894","47,687","50,010","54,403","58,983","60,446","61,726","63,526","63,688","64,776"
"Noblesville , Indiana","51,969","54,248","55,542","56,849","57,725","58,741","60,304","61,874","63,303","64,668"
"Santa Cruz , California","59,946","61,434","61,954","62,731","63,172","64,082","64,396","64,815","64,643","64,608"
"Janesville , Wisconsin","63,575","63,439","63,509","63,675","63,853","63,880","64,023","64,297","64,483","64,575"
"San Clemente , California","63,522","64,255","64,612","64,845","64,947","65,142","65,185","64,973","64,699","64,558"
"Brentwood , California","51,481","52,716","53,508","54,916","56,854","58,796","60,571","62,265","63,760","64,474"
"East Orange , New Jersey","64,270","64,332","64,172","64,221","64,262","64,438","64,426","64,306","64,258","64,367"
"Cheyenne , Wyoming","59,466","60,177","61,438","62,122","62,279","62,905","63,451","63,520","63,835","64,235"
"Eastvale , California",(X),"54,966","55,627","56,247","57,386","59,231","60,670","62,309","63,815","64,157"
"Chapel Hill town, North Carolina","57,233","57,370","58,650","58,860","59,120","59,046","59,654","58,918","63,367","64,051"
"Haverhill , Massachusetts","60,879","61,505","61,860","62,272","62,605","62,861","63,200","63,664","63,926","64,014"
"Lorain , Ohio","64,097","63,940","63,756","63,735","63,773","63,662","63,729","63,774","63,984","63,855"
"Grand Junction , Colorado","58,566","59,475","59,660","59,809","59,643","60,389","61,236","61,995","63,131","63,597"
"Springfield , Oregon","59,403","59,859","59,974","60,019","60,164","60,436","61,531","62,373","62,806","63,230"
"Coon Rapids , Minnesota","61,476","61,561","61,958","62,064","62,163","62,264","62,374","62,479","62,491","62,998"
"Idaho Falls , Idaho","56,813","58,518","58,860","59,034","59,320","59,858","60,797","61,768","62,023","62,888"
"North Miami , Florida","58,786","60,991","61,553","61,946","61,903","62,040","62,018","61,939","63,481","62,822"
"Encinitas , California","59,518","60,264","60,890","61,555","62,023","62,590","62,921","62,884","62,750","62,709"
"Skokie village, Illinois","64,784","65,087","65,247","65,328","65,223","64,888","64,437","63,847","63,171","62,700"
"Leander , Texas","26,521","29,120","30,636","32,774","35,280","39,019","43,788","49,792","55,924","62,608"
"Waltham , Massachusetts","60,632","61,382","62,047","62,327","63,114","63,003","62,939","62,822","62,563","62,495"
"Council Bluffs , Iowa","62,230","62,502","62,160","62,117","62,397","62,556","62,458","62,377","62,221","62,166"
"Hamilton , Ohio","62,477","62,329","62,234","62,299","62,414","62,345","62,250","62,114","62,132","62,082"
"Moore , Oklahoma","55,081","56,724","57,830","57,800","58,462","59,593","60,479","60,973","61,452","62,055"
"Pico Rivera , California","62,942","63,221","63,430","63,597","63,637","63,670","63,438","63,133","62,677","62,027"
"Montebello , California","62,500","62,903","63,123","63,279","63,322","63,379","63,134","62,823","62,440","61,954"
"Millcreek , Utah",(X),"59,397","59,853","60,253","60,176","60,147","60,354","60,718","61,060","61,450"
"Sanford , Florida","53,570","54,377","54,937","56,283","57,643","58,289","58,968","59,542","60,107","61,448"
"National  , California","58,582","59,042","59,369","59,776","60,132","60,721","60,967","61,083","61,272","61,394"
"Burnsville , Minnesota","60,306","60,649","60,864","61,144","61,314","61,203","61,316","61,431","61,162","61,339"
"Coconut Creek , Florida","52,909","54,324","55,131","56,920","58,502","59,202","59,815","61,070","61,205","61,248"
"Lakewood , Washington","58,163","57,945","58,110","58,144","58,580","58,885","59,747","60,316","60,511","61,037"
"Taylor , Michigan","63,131","62,631","62,465","61,957","62,068","61,777","61,580","61,404","61,163","60,922"
"Novi , Michigan","55,224","56,055","57,043","58,124","58,634","58,913","59,598","59,948","60,787","60,896"
"Marietta , Georgia","56,579","57,348","58,167","58,819","59,547","59,845","60,679","60,679","60,647","60,867"
"Ocala , Florida","56,315","56,707","56,783","56,804","57,178","57,719","58,460","59,091","60,274","60,786"
"Terre Haute , Indiana","60,785","60,993","61,176","60,921","60,785","60,596","60,683","60,816","60,775","60,622"
"Woodland , California","55,468","55,786","56,272","56,713","57,328","58,385","59,098","59,923","60,474","60,548"
"Petaluma , California","57,941","58,236","58,728","59,337","59,753","60,295","60,468","60,682","61,826","60,520"
"La Habra , California","60,239","59,658","59,970","60,224","60,421","60,473","60,292","60,898","60,778","60,513"
"Malden , Massachusetts","59,450","60,131","60,591","60,938","61,217","61,383","61,276","61,079","60,735","60,470"
"Commerce  , Colorado","45,913","47,507","48,504","49,717","51,468","53,161","54,523","55,925","58,324","60,336"
"Owensboro , Kentucky","57,265","57,755","58,139","58,357","58,415","59,031","59,305","59,523","59,745","60,131"
"Bristol , Connecticut","60,477","60,599","60,658","60,558","60,588","60,524","60,304","60,131","60,101","59,947"
"West Allis , Wisconsin","60,411","60,492","60,695","60,803","60,765","60,709","60,331","59,845","59,410","59,890"
"Taylorsville , Utah","58,652","59,761","60,210","60,530","60,361","60,290","60,401","60,057","60,005","59,805"
"Utica , New York","62,235","62,036","61,886","61,680","61,289","60,912","60,618","60,374","60,040","59,750"
"Monterey Park , California","60,269","60,460","60,645","60,796","60,832","60,908","60,830","60,668","60,198","59,669"
"Bonita Springs , Florida","43,914","45,039","46,342","47,664","49,367","51,850","54,400","56,175","57,398","59,637"
"Porterville , California","54,165","58,540","58,708","58,891","58,995","59,721","59,699","59,745","59,685","59,599"
"Greenwood , Indiana","49,791","52,031","52,800","53,658","54,452","55,272","56,352","57,356","58,701","59,458"
"Bartlett , Tennessee","54,613","57,388","58,224","58,231","58,353","58,665","58,887","59,101","59,403","59,440"
"Bradenton , Florida","49,546","49,642","50,207","51,175","52,253","53,838","55,048","56,686","57,601","59,439"
"Vineland , New Jersey","60,724","60,984","60,921","60,874","60,887","60,583","60,312","59,862","59,856","59,439"
"Pontiac , Michigan","59,515","59,913","60,299","60,448","60,466","60,260","60,224","60,123","59,741","59,438"
"Meriden , Connecticut","60,868","60,699","60,672","60,491","60,384","60,063","59,708","59,646","59,566","59,395"
"Gardena , California","58,829","59,114","59,368","59,788","59,843","59,946","59,873","59,871","59,540","59,329"
"Apex town, North Carolina","37,476","38,999","40,659","42,388","44,064","45,652","47,543","50,524","53,859","59,300"
"Royal Oak , Michigan","57,236","57,697","58,139","58,562","58,763","58,750","59,226","59,374","59,356","59,277"
"Cupertino , California","58,302","59,172","59,769","60,198","60,592","60,519","60,900","60,588","60,004","59,276"
"Lancaster , Pennsylvania","59,322","59,417","59,406","59,397","59,411","59,446","59,486","59,494","59,407","59,265"
"La Mesa , California","57,065","57,644","58,099","58,556","58,855","59,697","59,751","59,722","59,389","59,249"
"Gilroy , California","48,821","49,700","50,718","51,893","52,538","53,259","55,369","57,549","58,588","59,032"
"St. Clair Shores , Michigan","59,715","59,799","59,986","60,183","60,085","59,912","59,788","59,657","59,282","58,984"
"Des Plaines , Illinois","58,364","58,725","58,978","59,112","59,104","58,811","58,430","58,078","58,854","58,899"
"Springfield , Ohio","60,608","60,267","60,079","59,872","59,730","59,449","58,906","59,168","59,263","58,877"
"Corvallis , Oregon","54,462","54,730","55,139","54,710","55,517","56,375","57,327","58,546","58,969","58,856"
"Margate , Florida","53,284","54,190","54,820","55,256","55,664","56,741","57,832","58,200","58,495","58,796"
"Bowie , Maryland","54,727","56,000","56,574","57,102","57,750","58,225","58,431","58,563","58,610","58,643"
"Casa Grande , Arizona","48,571","48,904","49,453","49,777","51,362","52,687","54,247","55,695","57,019","58,632"
"Caldwell , Idaho","46,237","47,271","47,708","48,964","50,122","51,543","53,106","54,738","56,478","58,481"
"San Rafael , California","57,713","58,232","58,448","58,995","59,130","59,074","58,918","58,801","58,704","58,440"
"Great Falls , Montana","58,505","59,411","59,284","59,549","59,359","59,281","58,915","58,879","58,751","58,434"
"Sarasota , Florida","51,917","52,527","52,954","53,149","54,015","54,956","56,440","57,185","57,746","58,285"
"Richland , Washington","48,058","50,622","51,767","52,549","53,248","54,412","55,095","56,656","57,533","58,225"
"St. Peters , Missouri","52,575","53,414","54,062","54,825","56,012","56,742","57,159","57,179","57,123","58,212"
"Hendersonville , Tennessee","51,372","52,283","52,919","53,824","54,851","55,597","56,563","57,560","57,634","58,113"
"White Plains , New York","56,853","57,183","57,255","57,647","57,733","58,020","58,000","58,388","58,141","58,109"
"Huntersville town, North Carolina","46,773","48,184","49,424","50,673","51,728","52,973","55,273","56,385","57,212","58,098"
"Santee , California","53,413","54,523","55,381","56,151","56,828","57,471","57,678","57,825","57,944","58,081"
"Kokomo , Indiana","45,468","58,208","58,212","58,204","58,158","57,980","57,762","57,858","57,922","58,020"
"Arcadia , California","56,364","56,594","56,801","57,215","57,513","57,835","58,238","58,374","58,385","57,939"
"Casper , Wyoming","55,316","56,092","57,684","59,487","59,673","60,014","58,933","57,851","57,515","57,931"
"Dubuque , Iowa","57,637","57,916","58,165","58,491","58,573","58,566","58,248","58,299","57,975","57,882"
"Orland Park village, Illinois","56,767","56,968","57,232","58,470","58,592","58,531","58,912","58,579","58,179","57,857"
"Weymouth Town , Massachusetts","53,743","54,177","55,058","55,452","55,725","55,798","55,924","56,695","57,511","57,746"
"Parker town, Colorado","45,297","46,116","47,054","48,364","49,508","51,112","52,714","54,261","55,813","57,706"
"Palm Beach Gardens , Florida","48,452","50,563","51,320","52,221","53,388","54,437","55,536","56,360","57,007","57,704"
"Hanford , California","53,967","54,612","54,524","54,741","55,086","55,608","55,663","56,383","56,971","57,703"
"Huntington Park , California","58,114","58,334","58,524","58,739","58,908","58,933","58,701","58,476","57,998","57,509"
"Taunton , Massachusetts","55,874","55,876","55,990","56,109","56,659","56,838","56,939","56,982","57,365","57,464"
"Midwest  , Oklahoma","54,371","55,386","56,232","56,835","57,095","57,289","57,417","57,165","57,186","57,407"
"Medford , Massachusetts","56,173","56,824","57,255","57,399","57,551","57,792","57,820","57,772","57,554","57,341"
"Euless , Texas","51,277","52,052","52,756","53,140","53,569","54,163","54,881","55,252","57,241","57,197"
"Shoreline , Washington","53,007","53,762","54,459","54,802","55,249","55,592","55,687","56,521","56,557","57,027"
"Smyrna , Georgia","51,271","51,636","52,322","53,074","54,419","55,583","56,246","56,285","56,512","56,666"
"Pocatello , Idaho","54,255","54,702","54,779","54,476","54,427","54,775","54,911","55,336","55,982","56,637"
"Valdosta , Georgia","54,518","55,787","57,156","56,088","56,309","55,818","55,846","56,054","56,428","56,457"
"Carson , Nevada","55,274","54,676","54,312","53,726","54,082","54,068","54,147","54,532","55,202","55,916"
"Lake Havasu  , Arizona","52,527","52,789","52,794","52,786","53,030","53,399","53,800","54,380","55,020","55,865"
"Grand Forks , North Dakota","52,838","52,770","53,576","54,914","55,811","56,535","56,729","56,754","56,637","55,839"
"Blue Springs , Missouri","52,575","52,754","52,977","53,149","53,462","53,998","54,387","54,861","55,126","55,829"
"Southaven , Mississippi","48,982","49,756","50,407","50,977","51,740","52,529","53,200","54,155","54,979","55,780"
"Tinley Park village, Illinois","56,703","57,086","57,268","57,372","57,364","57,195","56,929","56,553","56,095","55,773"
"Diamond Bar , California","55,544","55,854","56,087","56,233","56,279","56,429","56,581","56,334","56,106","55,720"
"New Brunswick , New Jersey","55,181","55,296","55,404","55,896","55,882","56,009","56,183","56,120","55,878","55,676"
"Lenexa , Kansas","48,190","48,865","49,351","50,279","50,924","52,430","53,028","53,557","55,349","55,625"
"Brookhaven , Georgia",(X),"50,147","50,942","51,479","51,990","52,693","53,148","53,630","54,029","55,554"
"Novato , California","51,904","52,680","53,221","54,142","54,856","55,406","55,913","55,701","55,640","55,516"
"Tigard , Oregon","48,035","49,244","49,818","50,361","50,674","51,060","51,978","53,373","54,652","55,514"
"Highland , California","53,104","53,671","53,939","54,150","54,325","54,553","54,752","55,198","55,311","55,417"
"Fountain Valley , California","55,313","55,950","56,318","56,601","56,671","56,643","56,423","56,051","55,663","55,357"
"Dearborn Heights , Michigan","57,774","57,278","57,115","56,653","56,596","56,322","56,097","55,873","55,627","55,353"
"Albany , Oregon","50,158","50,946","51,017","50,937","51,343","51,659","52,716","53,524","54,518","55,338"
"Grapevine , Texas","46,334","47,102","48,427","50,117","50,772","51,430","52,055","53,974","53,809","55,281"
"Apple Valley , Minnesota","49,084","49,492","49,721","49,925","50,195","50,950","51,938","52,390","54,065","55,135"
"Chicopee , Massachusetts","55,298","55,630","55,840","55,923","56,274","55,820","55,342","55,336","55,424","55,126"
"Hempstead village, New York","53,891","54,187","54,982","55,476","55,488","55,407","55,367","55,363","55,246","55,113"
"Oak Lawn village, Illinois","56,690","56,924","57,078","57,170","57,106","56,825","56,456","55,983","55,430","55,022"
"Cathedral  , California","51,200","52,077","52,478","52,846","53,187","53,516","53,943","54,413","54,793","55,007"
"Bentonville , Arkansas","35,301","37,227","38,747","40,472","42,001","44,743","47,166","49,399","51,103","54,909"
"Stonecrest , Georgia",(X),"50,726","51,537","52,084","52,607","53,327","54,037","54,278","54,424","54,903"
"Kettering , Ohio","56,163","56,000","55,925","55,798","55,552","55,375","55,244","55,144","55,014","54,855"
"Colton , California","52,154","52,712","52,945","53,105","53,706","54,291","54,507","54,680","54,637","54,824"
"Anderson , Indiana","56,129","55,798","55,441","55,465","55,252","55,020","54,985","54,898","54,883","54,765"
"West Haven , Connecticut","55,564","55,510","55,284","55,130","55,289","54,872","54,640","54,841","54,895","54,620"
"Burlington , North Carolina","49,963","51,169","51,198","51,314","51,475","51,867","52,180","53,121","53,911","54,606"
"Manhattan , Kansas","52,281","54,148","56,597","56,101","55,685","56,513","55,241","55,124","54,983","54,604"
"St. Cloud , Florida","35,183","39,474","41,175","42,504","44,605","46,742","48,578","51,700","54,200","54,579"
"Normal town, Illinois","52,497","53,119","54,025","54,667","54,517","54,294","54,391","54,452","54,629","54,469"
"Decatur , Alabama","55,683","55,916","55,837","55,465","55,269","55,027","54,729","54,437","54,364","54,445"
"Berwyn , Illinois","56,657","56,791","56,886","56,914","56,777","56,436","55,986","55,435","54,821","54,391"
"Port Arthur , Texas","53,818","54,905","54,563","54,719","54,529","55,378","55,566","55,433","54,889","54,280"
"Kingsport , Tennessee","48,205","52,924","52,739","52,817","52,822","52,757","52,521","53,487","54,006","54,127"
"Minnetonka , Minnesota","49,734","50,646","51,232","51,437","51,555","51,739","52,447","52,910","53,883","54,064"
"Rosemead , California","53,764","54,022","54,215","54,398","54,429","54,440","54,332","54,221","54,226","54,058"
"Paramount , California","54,098","54,329","54,580","54,854","54,914","54,971","54,789","54,621","54,259","53,955"
"Rocky Mount , North Carolina","57,477","57,401","56,735","56,300","55,880","55,003","54,992","54,634","54,232","53,922"
"Yucaipa , California","51,367","51,954","52,280","52,546","52,730","52,981","53,186","53,496","53,557","53,921"
"Watsonville , California","51,199","51,593","51,887","52,412","52,959","53,528","53,774","53,919","53,875","53,856"
"Elyria , Ohio","54,533","54,322","54,162","54,115","54,078","53,917","53,865","53,781","53,797","53,757"
"Leesburg town, Virginia","42,616","44,537","46,076","47,713","49,338","50,935","52,495","54,055","53,763","53,727"
"Mount Prospect village, Illinois","54,167","55,264","55,417","55,602","55,770","55,528","55,156","54,675","54,116","53,719"
"Pinellas Park , Florida","49,079","49,944","50,202","50,532","51,410","51,989","52,615","52,940","53,157","53,637"
"Delano , California","53,041","53,620","52,403","52,331","52,447","52,495","52,568","52,877","52,921","53,573"
"Bellevue , Nebraska","50,137","51,858","52,407","52,786","52,706","52,956","53,291","53,398","53,494","53,544"
"West Sacramento , California","48,744","49,106","49,528","49,978","51,637","52,431","52,933","53,304","53,601","53,519"
"Apopka , Florida","41,542","43,765","45,103","46,238","47,796","49,109","50,486","52,277","53,557","53,447"
"Palm Desert , California","48,445","49,251","49,775","50,357","50,916","51,552","52,077","52,794","53,129","53,275"
"Milford  (balance), Connecticut","51,271","51,376","51,551","51,653","51,973","52,128","52,531","52,816","53,148","53,195"
"Little Elm , Texas","25,898","27,709","29,023","32,916","35,493","38,438","42,661","45,988","49,644","53,126"
"Revere , Massachusetts","51,755","52,628","53,241","53,694","53,802","53,960","53,942","54,071","53,483","53,073"
"Peabody , Massachusetts","51,251","51,632","51,904","52,224","52,463","52,629","52,759","52,948","53,092","53,070"
"Wylie , Texas","41,427","43,597","44,769","45,352","46,439","47,348","48,499","49,536","51,003","53,067"
"Harrisonburg , Virginia","48,914","49,935","51,312","51,537","52,542","52,675","53,542","53,644","53,488","53,016"
"DeSoto , Texas","49,047","50,196","51,216","51,587","52,046","52,612","53,088","53,533","53,254","52,988"
"Pensacola , Florida","51,923","51,848","52,149","52,270","52,434","52,473","52,662","52,525","52,637","52,975"
"Olympia , Washington","46,478","47,696","48,089","48,473","49,327","49,849","50,732","51,660","52,508","52,882"
"Edina , Minnesota","47,941","48,686","49,202","49,501","49,704","50,251","51,428","51,783","52,430","52,857"
"Wheaton , Illinois","52,894","53,416","53,576","53,765","53,769","53,736","53,518","53,406","53,108","52,745"
"West New York town, New Jersey","49,708","50,511","50,853","51,252","51,529","52,540","52,596","52,732","52,668","52,723"
"Hoboken , New Jersey","50,005","50,769","51,481","52,177","52,463","52,839","53,649","53,662","53,134","52,677"
"Lacey , Washington","42,393","43,423","43,947","44,761","45,271","46,071","47,309","49,632","50,600","52,592"
"Summerville town, South Carolina","43,392","43,982","44,710","45,952","47,370","49,227","50,216","51,517","51,880","52,549"
"Coeur d'Alene , Idaho","44,137","45,009","45,519","46,250","47,629","48,761","49,802","50,584","51,210","52,414"
"Oak Park village, Illinois","51,878","52,013","52,099","52,254","52,138","52,405","52,060","52,149","52,173","52,381"
"Elkhart , Indiana","50,949","51,905","51,975","52,157","52,285","52,505","52,475","52,372","52,373","52,358"
"Maricopa , Arizona","43,482","43,866","44,030","44,814","45,543","46,109","46,914","48,002","50,028","52,127"
"Kentwood , Michigan","48,707","49,186","49,752","50,352","50,861","51,352","51,742","51,781","51,829","51,898"
"Madison , Alabama","42,938","44,304","45,189","45,929","46,636","47,170","48,158","49,207","50,491","51,593"
"Smyrna town, Tennessee","39,974","41,407","42,128","43,517","45,731","46,941","48,515","49,910","50,748","51,586"
"Glendora , California","50,073","50,624","50,795","51,120","51,065","51,769","51,882","51,997","51,846","51,544"
"Logan , Utah","48,174","49,041","49,094","49,057","49,048","49,769","50,621","51,019","51,334","51,542"
"Burien , Washington","33,313","48,786","49,511","49,915","50,304","50,664","51,377","51,992","51,731","51,500"
"Perth Amboy , New Jersey","50,814","51,137","51,556","51,722","51,832","51,705","51,765","51,821","51,677","51,390"
"Herriman , Utah","21,785","23,364","24,378","26,278","28,461","30,572","35,049","39,166","44,663","51,348"
"Grand Island , Nebraska","48,520","49,401","49,905","50,323","50,887","50,959","51,182","51,128","51,219","51,267"
"Placentia , California","50,533","51,503","51,838","52,105","52,108","52,202","52,154","51,916","51,538","51,233"
"La Crosse , Wisconsin","51,320","51,225","51,962","51,885","52,145","52,023","51,830","51,718","51,491","51,227"
"Battle Creek , Michigan","52,347","51,991","51,871","51,788","51,776","51,556","51,453","51,275","51,105","51,093"
"Beaumont , California","36,877","38,514","39,286","40,337","41,994","43,479","45,156","46,848","49,126","51,063"
"Collierville town, Tennessee","43,965","45,949","46,438","47,359","48,754","48,984","49,462","50,252","50,671","51,040"
"West Lafayette , Indiana","29,596","42,526","43,227","43,666","44,975","46,174","47,503","47,504","49,019","50,996"
"Florissant , Missouri","52,158","52,430","52,379","52,265","52,172","52,072","51,652","51,380","51,147","50,952"
"Hoffman Estates village, Illinois","51,895","52,147","52,301","52,396","52,342","52,098","51,828","51,463","51,111","50,932"
"Joplin , Missouri","50,150","48,350","48,483","48,896","49,402","49,780","50,192","50,469","50,604","50,925"
"Queen Creek town, Arizona","26,361","27,602","28,148","30,424","33,011","35,534","38,850","43,227","47,123","50,890"
"Aliso Viejo , California","47,823","48,474","49,038","49,538","49,542","49,499","50,858","50,982","51,206","50,887"
"Kannapolis , North Carolina","42,625","43,169","43,769","44,385","45,310","46,311","47,577","48,774","49,770","50,841"
"Methuen Town , Massachusetts","47,255","47,798","48,129","48,706","49,384","49,797","49,953","50,308","50,565","50,706"
"Galveston , Texas","47,743","47,555","48,100","48,658","49,251","49,691","50,186","50,569","50,396","50,446"
"Mishawaka , Indiana","48,252","48,106","48,045","48,111","48,260","48,279","48,814","48,984","49,810","50,363"
"Plainfield , New Jersey","49,808","49,816","49,972","50,223","50,315","50,464","50,276","50,367","50,430","50,317"
"Newark , Ohio","47,573","47,720","47,809","48,034","48,283","48,592","48,946","49,471","50,001","50,315"
"Stillwater , Oklahoma","45,688","46,264","46,723","47,426","48,454","49,135","49,769","50,039","50,479","50,299"
"Twin Falls , Idaho","44,125","44,851","45,088","45,846","46,480","47,280","48,287","49,298","49,713","50,197"
"Texas  , Texas","45,099","45,179","45,577","45,900","46,383","47,299","47,994","48,417","49,078","50,094"
"Cerritos , California","49,041","49,223","49,384","49,507","49,532","49,546","50,346","50,697","50,288","49,859"
"Coral Gables , Florida","46,780","47,613","49,049","49,762","50,176","50,275","50,396","50,628","50,125","49,700"
"Enid , Oklahoma","49,379","49,529","50,018","50,787","51,113","51,478","50,869","50,132","49,723","49,688"
"Lakewood , Ohio","52,131","51,662","51,400","51,257","51,088","50,811","50,528","50,211","50,012","49,678"
"Troy , New York","50,129","50,020","49,848","49,921","49,968","49,776","49,597","49,433","49,354","49,154"
"Saginaw , Michigan","51,508","51,012","50,728","50,272","49,798","49,230","48,902","48,696","48,310","48,115"
"Niagara Falls , New York","50,193","49,760","49,526","49,328","49,083","48,769","48,526","48,249","48,012","47,720"
"Charleston , West Virginia","51,400","50,992","50,858","50,657","50,133","49,457","48,789","48,040","47,172","46,536"
